,0,1,2
0,2018-09-01,66,29781
1,2018-09-02,66,28586
2,2018-09-03,66,15549
3,2018-09-04,65,16728
4,2018-09-05,65,16909
5,2018-09-06,66,17296
6,2018-09-07,66,17090
7,2018-09-08,66,26619
8,2018-09-09,66,26559
9,2018-09-10,66,16076
10,2018-09-11,66,16238
11,2018-09-12,65,16973
12,2018-09-13,65,18285
13,2018-09-14,65,17815
14,2018-09-15,65,28221
15,2018-09-16,66,27864
16,2018-09-17,65,16456
17,2018-09-18,66,16632
18,2018-09-19,66,16742
19,2018-09-20,67,16506
20,2018-09-21,67,16834
21,2018-09-22,67,25817
22,2018-09-23,64,25424
23,2018-09-24,67,14794
24,2018-09-25,67,15902
25,2018-09-26,66,17707
26,2018-09-27,67,17160
27,2018-09-28,66,17319
28,2018-09-29,66,32356
29,2018-09-30,66,29780
30,2018-10-01,66,14108
31,2018-10-02,65,13650
32,2018-10-03,66,13727
33,2018-10-04,67,14938
34,2018-10-05,66,16508
35,2018-10-06,67,28808
36,2018-10-07,65,28010
37,2018-10-08,66,13221
38,2018-10-09,66,14330
39,2018-10-10,67,14918
40,2018-10-11,67,15531
41,2018-10-12,67,17333
42,2018-10-13,67,27173
43,2018-10-14,66,25093
44,2018-10-15,67,12992
45,2018-10-16,67,13801
46,2018-10-17,66,14127
47,2018-10-18,67,14462
48,2018-10-19,67,15146
49,2018-10-20,66,26773
50,2018-10-21,67,25971
51,2018-10-22,67,13436
52,2018-10-23,67,13795
53,2018-10-24,67,14683
54,2018-10-25,67,16112
55,2018-10-26,67,17679
56,2018-10-27,67,31480
57,2018-10-28,67,29383
58,2018-10-29,67,14717
59,2018-10-30,67,16424
60,2018-10-31,67,16853
61,2018-11-01,67,17108
62,2018-11-02,66,17671
63,2018-11-03,67,29044
64,2018-11-04,67,33720
65,2018-11-05,67,27683
66,2018-11-06,67,12974
67,2018-11-07,67,14472
68,2018-11-08,67,14466
69,2018-11-09,67,15817
70,2018-11-10,66,25719
71,2018-11-11,67,29202
72,2018-11-12,67,14375
73,2018-11-13,67,15163
74,2018-11-14,67,14986
75,2018-11-15,67,16270
76,2018-11-16,67,17568
77,2018-11-17,67,29109
78,2018-11-18,67,28373
79,2018-11-19,67,13706
80,2018-11-20,67,14693
81,2018-11-21,67,15925
82,2018-11-22,66,17850
83,2018-11-23,66,38680
84,2018-11-24,66,43516
85,2018-11-25,66,37337
86,2018-11-26,66,13633
87,2018-11-27,66,13663
88,2018-11-28,66,13941
89,2018-11-29,65,14435
90,2018-11-30,66,15660
91,2018-12-01,66,26782
92,2018-12-02,66,25159
93,2018-12-03,66,12153
94,2018-12-04,66,14276
95,2018-12-05,66,14374
96,2018-12-06,66,14566
97,2018-12-07,66,16725
98,2018-12-08,66,29665
99,2018-12-09,66,26738
100,2018-12-10,66,13248
101,2018-12-11,61,12736
102,2018-12-12,66,15458
103,2018-12-13,66,16186
104,2018-12-14,66,16530
105,2018-12-15,66,29195
106,2018-12-16,66,28100
107,2018-12-17,66,14006
108,2018-12-18,66,15346
109,2018-12-19,66,15231
110,2018-12-20,66,17657
111,2018-12-21,66,18929
112,2018-12-22,66,28632
113,2018-12-23,67,28963
114,2018-12-24,66,15664
115,2018-12-25,66,17729
116,2018-12-26,66,18101
117,2018-12-27,66,19051
118,2018-12-28,68,20769
119,2018-12-29,67,23822
120,2018-12-30,67,27621
121,2018-12-31,67,13576
122,2019-01-01,18,3736
123,2019-01-02,65,29098
124,2019-01-03,66,29735
125,2019-01-04,65,29206
126,2019-01-05,67,28694
127,2019-01-06,67,25890
128,2019-01-07,67,24037
129,2019-01-08,67,22079
130,2019-01-09,66,14189
131,2019-01-10,67,13973
132,2019-01-11,67,19050
133,2019-01-12,66,27457
134,2019-01-13,67,23982
135,2019-01-14,67,13697
136,2019-01-15,67,14352
137,2019-01-16,65,14656
138,2019-01-17,67,15232
139,2019-01-18,67,16436
140,2019-01-19,67,25597
141,2019-01-20,67,23702
142,2019-01-21,66,13152
143,2019-01-22,67,13549
144,2019-01-23,66,14129
145,2019-01-24,67,13539
146,2019-01-25,67,15246
147,2019-01-26,67,21106
148,2019-01-27,67,20672
149,2019-01-28,67,12564
150,2019-01-29,67,13164
151,2019-01-30,67,14300
152,2019-01-31,67,14789
153,2019-02-01,66,15095
154,2019-02-02,67,24037
155,2019-02-03,67,22607
156,2019-02-04,67,12240
157,2019-02-05,67,13519
158,2019-02-06,66,12717
159,2019-02-07,67,13888
160,2019-02-08,67,16035
161,2019-02-09,67,26127
162,2019-02-10,67,24272
163,2019-02-11,67,12040
164,2019-02-12,66,12653
165,2019-02-13,67,14005
166,2019-02-14,67,16612
167,2019-02-15,67,16958
168,2019-02-16,67,30559
169,2019-02-17,67,27809
170,2019-02-18,67,13935
171,2019-02-19,67,15503
172,2019-02-20,67,16028
173,2019-02-21,67,15480
174,2019-02-22,66,17388
175,2019-02-23,66,24681
176,2019-02-24,65,21510
177,2019-02-25,67,11957
178,2019-02-26,68,13132
179,2019-02-27,67,14476
180,2019-02-28,66,13540
181,2019-03-01,66,14882
182,2019-03-02,66,26913
183,2019-03-03,66,22776
184,2019-03-04,66,11810
185,2019-03-05,66,12743
186,2019-03-06,66,13925
187,2019-03-07,67,15523
188,2019-03-08,67,25550
189,2019-03-09,67,28306
190,2019-03-10,67,25109
191,2019-03-11,66,11306
192,2019-03-12,66,12255
193,2019-03-13,64,12390
194,2019-03-14,64,12479
195,2019-03-15,64,13504
196,2019-03-16,65,23832
197,2019-03-17,65,23650
198,2019-03-18,65,11949
199,2019-03-19,66,12024
200,2019-03-20,66,14252
201,2019-03-21,63,13451
202,2019-03-22,66,14558
203,2019-03-23,65,27580
204,2019-03-24,66,24008
205,2019-03-25,66,13712
206,2019-03-26,66,14549
207,2019-03-27,66,14547
208,2019-03-28,64,14053
209,2019-03-29,67,15440
210,2019-03-30,66,27768
211,2019-03-31,65,27703
212,2019-04-01,66,11755
213,2019-04-02,66,14118
214,2019-04-03,65,14048
215,2019-04-04,67,15632
216,2019-04-05,67,15706
217,2019-04-06,67,27016
218,2019-04-07,67,28957
219,2019-04-08,67,12009
220,2019-04-09,67,13574
221,2019-04-10,67,14123
222,2019-04-11,67,15736
223,2019-04-12,67,15474
224,2019-04-13,66,26159
225,2019-04-14,67,23515
226,2019-04-15,66,12396
227,2019-04-16,66,14255
228,2019-04-17,66,14233
229,2019-04-18,66,14228
230,2019-04-19,66,16147
231,2019-04-20,66,27390
232,2019-04-21,66,28992
233,2019-04-22,66,14122
234,2019-04-23,65,15173
235,2019-04-24,65,15029
236,2019-04-25,65,13909
237,2019-04-26,65,15247
238,2019-04-27,65,22905
239,2019-04-28,65,23040
240,2019-04-29,66,12369
241,2019-04-30,66,13930
242,2019-05-01,64,23406
243,2019-05-02,64,22553
244,2019-05-03,66,23616
245,2019-05-04,66,21391
246,2019-05-05,66,19317
247,2019-05-06,66,12477
248,2019-05-07,65,13650
249,2019-05-08,67,15196
250,2019-05-09,67,17576
251,2019-05-10,66,24481
252,2019-05-11,66,23632
253,2019-05-12,65,20646
254,2019-05-13,67,11976
255,2019-05-14,66,12667
256,2019-05-15,67,13288
257,2019-05-16,66,15004
258,2019-05-17,66,15722
259,2019-05-18,66,25552
260,2019-05-19,66,25441
261,2019-05-20,66,13928
262,2019-05-21,66,13992
263,2019-05-22,66,14763
264,2019-05-23,66,14810
265,2019-05-24,66,16305
266,2019-05-25,66,26060
267,2019-05-26,66,25952
268,2019-05-27,66,13955
269,2019-05-28,66,14658
270,2019-05-29,65,15281
271,2019-05-30,65,15566
272,2019-05-31,66,17209
273,2019-06-01,66,26900
274,2019-06-02,65,27311
275,2019-06-03,65,15112
276,2019-06-04,65,17086
277,2019-06-05,64,19298
278,2019-06-06,62,17612
279,2019-06-07,63,18551
280,2019-06-08,63,28401
281,2019-06-09,63,26052
282,2019-06-10,64,15478
283,2019-06-11,64,18317
284,2019-06-12,63,29847
285,2019-06-13,64,16722
286,2019-06-14,64,16229
287,2019-06-15,64,26966
288,2019-06-16,64,27294
289,2019-06-17,63,15110
290,2019-06-18,63,16722
291,2019-06-19,64,17192
292,2019-06-20,64,16080
293,2019-06-21,65,17013
294,2019-06-22,65,24348
295,2019-06-23,64,24546
296,2019-06-24,65,15144
297,2019-06-25,65,15504
298,2019-06-26,65,15007
299,2019-06-27,65,14673
300,2019-06-28,65,14168
301,2019-06-29,64,22812
302,2019-06-30,64,24684
303,2019-07-01,64,13586
304,2019-07-02,65,14667
305,2019-07-03,65,16288
306,2019-07-04,65,16686
307,2019-07-05,65,16766
308,2019-07-06,65,26963
309,2019-07-07,65,25700
310,2019-07-08,65,15163
311,2019-07-09,65,15662
312,2019-07-10,65,15924
313,2019-07-11,65,15673
314,2019-07-12,63,16021
315,2019-07-13,64,23697
316,2019-07-14,64,24440
317,2019-07-15,65,14333
318,2019-07-16,65,14416
319,2019-07-17,63,14908
320,2019-07-18,63,16620
321,2019-07-19,66,16779
322,2019-07-20,65,24800
323,2019-07-21,64,24292
324,2019-07-22,65,14528
325,2019-07-23,64,15147
326,2019-07-24,66,16464
327,2019-07-25,65,17937
328,2019-07-26,64,17145
329,2019-07-27,62,23537
330,2019-07-28,63,22932
331,2019-07-29,63,14539
332,2019-07-30,63,16139
333,2019-07-31,63,16328
334,2019-08-01,63,16853
335,2019-08-02,63,17801
336,2019-08-03,64,27445
337,2019-08-04,63,26759
338,2019-08-05,64,15099
339,2019-08-06,61,16751
340,2019-08-07,61,16795
341,2019-08-08,61,16120
342,2019-08-09,61,15081
343,2019-08-10,61,25389
344,2019-08-11,61,26358
345,2019-08-12,61,14618
346,2019-08-13,61,15428
347,2019-08-14,62,16170
348,2019-08-15,62,15929
349,2019-08-16,62,16036
350,2019-08-17,62,23898
351,2019-08-18,62,23577
352,2019-08-19,62,13770
353,2019-08-20,62,14462
354,2019-08-21,61,14230
355,2019-08-22,62,14613
356,2019-08-23,61,15813
357,2019-08-24,62,25040
358,2019-08-25,62,25169
359,2019-08-26,62,14328
360,2019-08-27,62,15726
361,2019-08-28,61,16521
362,2019-08-29,62,16561
363,2019-08-30,62,16638
364,2019-08-31,62,26778
365,2019-09-01,61,24749
366,2019-09-02,61,11509
367,2019-09-03,60,11792
368,2019-09-04,60,12523
369,2019-09-05,61,13061
370,2019-09-06,61,14281
371,2019-09-07,61,21496
372,2019-09-08,61,20424
373,2019-09-09,61,11406
374,2019-09-10,61,11247
375,2019-09-11,61,12222
376,2019-09-12,61,12947
377,2019-09-13,61,12618
378,2019-09-14,61,22606
379,2019-09-15,61,23130
380,2019-09-16,62,11741
381,2019-09-17,62,12741
382,2019-09-18,62,12845
383,2019-09-19,62,12929
384,2019-09-20,62,14262
385,2019-09-21,63,26555
386,2019-09-22,63,25296
387,2019-09-23,63,12718
388,2019-09-24,62,12398
389,2019-09-25,62,12942
390,2019-09-26,61,13005
391,2019-09-27,60,13271
392,2019-09-28,60,23137
393,2019-09-29,60,22436
394,2019-09-30,60,10130
395,2019-10-01,62,11277
396,2019-10-02,62,11499
397,2019-10-03,62,11524
398,2019-10-04,62,12006
399,2019-10-05,62,22252
400,2019-10-06,62,20348
401,2019-10-07,61,10893
402,2019-10-08,61,11640
403,2019-10-09,62,11977
404,2019-10-10,62,11627
405,2019-10-11,62,13691
406,2019-10-12,62,23734
407,2019-10-13,62,23405
408,2019-10-14,62,9899
409,2019-10-15,62,11121
410,2019-10-16,61,12723
411,2019-10-17,62,11919
412,2019-10-18,62,13129
413,2019-10-19,62,22832
414,2019-10-20,62,22615
415,2019-10-21,62,8596
416,2019-10-22,62,11143
417,2019-10-23,62,12016
418,2019-10-24,62,11736
419,2019-10-25,62,12679
420,2019-10-26,62,23912
421,2019-10-27,62,23801
422,2019-10-28,62,10828
423,2019-10-29,62,11259
424,2019-10-30,62,12535
425,2019-10-31,62,13081
426,2019-11-01,62,14040
427,2019-11-02,62,25455
428,2019-11-03,61,25738
429,2019-11-04,61,22353
430,2019-11-05,61,9332
431,2019-11-06,61,10278
432,2019-11-07,62,10783
433,2019-11-08,62,12424
434,2019-11-09,62,23063
435,2019-11-10,62,21602
436,2019-11-11,62,10625
437,2019-11-12,62,11098
438,2019-11-13,62,11193
439,2019-11-14,62,11654
440,2019-11-15,62,13779
441,2019-11-16,62,22974
442,2019-11-17,62,22930
443,2019-11-18,62,10413
444,2019-11-19,62,11275
445,2019-11-20,61,11928
446,2019-11-21,62,13378
447,2019-11-22,62,15532
448,2019-11-23,62,26817
449,2019-11-24,62,26009
450,2019-11-25,62,10980
451,2019-11-26,62,11517
452,2019-11-27,62,12277
453,2019-11-28,63,14623
454,2019-11-29,63,28338
455,2019-11-30,63,35366
456,2019-12-01,63,33219
457,2019-12-02,63,10762
458,2019-12-03,63,10325
459,2019-12-04,63,12116
460,2019-12-05,63,12405
461,2019-12-06,63,13650
462,2019-12-07,63,24894
463,2019-12-08,63,23080
464,2019-12-09,63,9839
465,2019-12-10,63,11235
466,2019-12-11,63,12229
467,2019-12-12,63,12262
468,2019-12-13,63,13655
469,2019-12-14,63,24878
470,2019-12-15,63,23196
471,2019-12-16,63,11586
472,2019-12-17,63,11797
473,2019-12-18,63,12872
474,2019-12-19,63,13187
475,2019-12-20,63,14053
476,2019-12-21,63,25399
477,2019-12-22,63,23641
478,2019-12-23,63,12219
479,2019-12-24,63,13200
480,2019-12-25,62,14547
481,2019-12-26,63,15838
482,2019-12-27,62,15201
483,2019-12-28,62,23862
484,2019-12-29,62,24724
485,2019-12-30,62,16664
486,2019-12-31,62,10253
487,2020-01-01,22,3270
488,2020-01-02,61,24981
489,2020-01-03,61,26648
490,2020-01-04,61,25563
491,2020-01-05,61,25175
492,2020-01-06,61,21308
493,2020-01-07,61,20155
494,2020-01-08,62,18105
495,2020-01-09,62,10477
496,2020-01-10,61,11917
497,2020-01-11,62,20376
498,2020-01-12,61,18981
499,2020-01-13,62,9784
500,2020-01-14,62,10656
501,2020-01-15,62,11433
502,2020-01-16,62,11422
503,2020-01-17,62,12784
504,2020-01-18,62,22482
505,2020-01-19,62,19570
506,2020-01-20,62,9899
507,2020-01-21,62,9895
508,2020-01-22,62,10837
509,2020-01-23,62,10972
510,2020-01-24,62,11515
511,2020-01-25,62,20568
512,2020-01-26,62,20120
513,2020-01-27,62,9718
514,2020-01-28,62,10015
515,2020-01-29,62,9988
516,2020-01-30,62,10300
517,2020-01-31,62,11316
518,2020-02-01,62,19040
519,2020-02-02,62,17964
520,2020-02-03,62,8944
521,2020-02-04,62,9263
522,2020-02-05,62,9653
523,2020-02-06,62,9374
524,2020-02-07,61,9974
525,2020-02-08,62,18327
526,2020-02-09,62,18250
527,2020-02-10,62,9130
528,2020-02-11,62,8988
529,2020-02-12,62,10668
530,2020-02-13,61,11911
531,2020-02-14,62,13776
532,2020-02-15,62,23634
533,2020-02-16,62,22120
534,2020-02-17,62,10539
535,2020-02-18,62,11798
536,2020-02-19,61,11968
537,2020-02-20,61,12736
538,2020-02-21,61,14244
539,2020-02-22,61,25713
540,2020-02-23,61,21720
541,2020-02-24,61,21763
542,2020-02-25,61,10057
543,2020-02-26,61,9674
544,2020-02-27,61,10000
545,2020-02-28,61,11975
546,2020-02-29,61,21329
547,2020-03-01,60,20490
548,2020-03-02,60,8966
549,2020-03-03,60,10052
550,2020-03-04,60,11396
551,2020-03-05,60,11693
552,2020-03-06,60,12831
553,2020-03-07,60,27383
554,2020-03-08,59,25030
555,2020-03-09,60,24691
556,2020-03-10,59,9331
557,2020-03-11,60,10389
558,2020-03-12,61,10633
559,2020-03-13,63,10179
560,2020-03-14,61,20578
561,2020-03-15,61,15971
562,2020-03-16,61,7359
563,2020-03-17,61,6860
564,2020-03-18,61,7147
565,2020-03-19,61,7408
566,2020-03-20,61,7282
567,2020-03-21,61,12066
568,2020-03-22,60,11940
569,2020-03-23,60,5534
570,2020-03-24,61,5542
571,2020-03-25,60,5410
572,2020-03-26,59,5990
573,2020-03-27,59,6781
574,2020-03-28,16,749
575,2020-03-29,4,39
576,2020-03-30,6,54
577,2020-03-31,2,36
578,2020-05-14,2,78
579,2020-05-15,3,32
580,2020-05-16,4,187
581,2020-05-17,3,139
582,2020-05-18,4,121
583,2020-05-19,3,111
584,2020-05-20,3,149
585,2020-05-21,4,171
586,2020-05-22,7,144
587,2020-05-23,5,182
588,2020-05-24,5,148
589,2020-05-25,6,148
590,2020-05-26,5,164
591,2020-05-27,6,175
592,2020-05-28,7,261
593,2020-05-29,6,222
594,2020-05-30,7,275
595,2020-05-31,8,266
596,2020-06-01,39,4278
597,2020-06-02,40,4777
598,2020-06-03,40,4987
599,2020-06-04,38,5539
600,2020-06-05,40,5669
601,2020-06-06,40,11344
602,2020-06-07,40,10614
603,2020-06-08,41,6652
604,2020-06-09,41,7556
605,2020-06-10,40,6524
606,2020-06-11,40,7787
607,2020-06-12,42,12942
608,2020-06-13,42,13272
609,2020-06-14,42,12706
610,2020-06-15,42,6676
611,2020-06-16,42,7117
612,2020-06-17,42,7708
613,2020-06-18,41,7029
614,2020-06-19,42,7653
615,2020-06-20,42,12010
616,2020-06-21,43,14526
617,2020-06-22,50,9220
618,2020-06-23,50,9181
619,2020-06-24,50,15462
620,2020-06-25,52,8832
621,2020-06-26,57,9621
622,2020-06-27,57,15416
623,2020-06-28,55,16119
624,2020-06-29,55,9434
625,2020-06-30,58,9503
626,2020-07-01,57,18165
627,2020-07-02,58,8722
628,2020-07-03,54,8710
629,2020-07-04,56,16360
630,2020-07-05,55,16309
631,2020-07-06,56,8895
632,2020-07-07,55,8521
633,2020-07-08,55,9137
634,2020-07-09,55,9845
635,2020-07-10,56,10320
636,2020-07-11,56,16063
637,2020-07-12,55,14700
638,2020-07-13,57,8513
639,2020-07-14,57,8767
640,2020-07-15,58,10268
641,2020-07-16,57,10697
642,2020-07-17,58,10508
643,2020-07-18,58,17644
644,2020-07-19,57,16668
645,2020-07-20,57,9102
646,2020-07-21,57,9792
647,2020-07-22,57,11079
648,2020-07-23,57,12158
649,2020-07-24,57,11226
650,2020-07-25,57,18979
651,2020-07-26,57,17559
652,2020-07-27,57,8912
653,2020-07-28,58,9951
654,2020-07-29,57,10438
655,2020-07-30,57,10498
656,2020-07-31,57,10739
657,2020-08-01,59,18155
658,2020-08-02,59,17773
659,2020-08-03,57,10208
660,2020-08-04,58,10520
661,2020-08-05,58,10601
662,2020-08-06,58,10569
663,2020-08-07,58,10541
664,2020-08-08,57,16912
665,2020-08-09,58,17609
666,2020-08-10,58,9754
667,2020-08-11,60,11053
668,2020-08-12,58,11250
669,2020-08-13,59,11085
670,2020-08-14,60,11997
671,2020-08-15,60,20644
672,2020-08-16,59,18922
673,2020-08-17,60,10492
674,2020-08-18,60,11137
675,2020-08-19,58,11660
676,2020-08-20,60,12259
677,2020-08-21,60,11633
678,2020-08-22,59,18596
679,2020-08-23,60,18159
680,2020-08-24,60,9763
681,2020-08-25,60,10968
682,2020-08-26,60,10868
683,2020-08-27,60,12132
684,2020-08-28,59,12218
685,2020-08-29,59,22003
686,2020-08-30,60,20577
687,2020-08-31,59,11208
688,2020-09-01,59,9767
689,2020-09-02,58,9696
690,2020-09-03,58,10264
691,2020-09-04,57,10558
692,2020-09-05,57,19242
693,2020-09-06,58,19872
694,2020-09-07,57,9412
695,2020-09-08,57,8988
696,2020-09-09,59,11123
697,2020-09-10,58,10764
698,2020-09-11,58,12227
699,2020-09-12,58,23661
700,2020-09-13,59,21783
701,2020-09-14,58,10328
702,2020-09-15,59,11113
703,2020-09-16,58,11398
704,2020-09-17,58,10183
705,2020-09-18,60,12633
706,2020-09-19,59,24573
707,2020-09-20,58,23347
708,2020-09-21,59,9950
709,2020-09-22,57,10602
710,2020-09-23,58,10744
711,2020-09-24,57,10305
712,2020-09-25,58,10922
713,2020-09-26,58,18641
714,2020-09-27,58,17507
715,2020-09-28,58,7736
716,2020-09-29,58,8802
717,2020-09-30,57,8779
718,2020-10-01,57,6614
719,2020-10-02,56,9059
720,2020-10-03,57,16037
721,2020-10-04,57,16225
722,2020-10-05,57,7764
723,2020-10-06,57,8024
724,2020-10-07,56,8404
725,2020-10-08,57,8151
726,2020-10-09,57,8260
727,2020-10-10,57,15660
728,2020-10-11,57,15655
729,2020-10-12,57,6796
730,2020-10-13,57,6842
731,2020-10-14,57,7920
732,2020-10-15,56,7716
733,2020-10-16,56,7954
734,2020-10-17,56,15506
735,2020-10-18,55,14024
736,2020-10-19,56,7106
737,2020-10-20,56,7241
738,2020-10-21,56,7712
739,2020-10-22,55,6877
740,2020-10-23,55,7634
741,2020-10-24,55,16122
742,2020-10-25,55,15877
743,2020-10-26,56,6834
744,2020-10-27,56,7214
745,2020-10-28,56,7634
746,2020-10-29,56,7414
747,2020-10-30,56,7591
748,2020-10-31,56,14135
749,2020-11-01,56,12903
750,2020-11-02,56,6095
751,2020-11-03,55,7264
752,2020-11-04,55,14710
753,2020-11-05,54,6846
754,2020-11-06,55,7188
755,2020-11-07,53,13921
756,2020-11-08,54,12564
757,2020-11-09,53,6141
758,2020-11-10,53,7197
759,2020-11-11,53,8047
760,2020-11-12,53,7584
761,2020-11-13,53,9484
762,2020-11-14,53,16998
763,2020-11-15,53,17061
764,2020-11-16,53,6996
765,2020-11-17,53,8175
766,2020-11-18,53,7873
767,2020-11-19,50,7497
768,2020-11-20,53,8742
769,2020-11-21,53,17592
770,2020-11-22,52,16886
771,2020-11-23,53,7691
772,2020-11-24,53,8034
773,2020-11-25,52,8699
774,2020-11-26,51,9066
775,2020-11-27,53,15258
776,2020-11-28,53,22818
777,2020-11-29,54,19834
778,2020-11-30,54,6623
779,2020-12-01,54,6588
780,2020-12-02,54,7330
781,2020-12-03,54,7354
782,2020-12-04,54,8672
783,2020-12-05,54,16688
784,2020-12-06,54,16030
785,2020-12-07,54,6765
786,2020-12-08,54,7424
787,2020-12-09,54,7647
788,2020-12-10,54,7941
789,2020-12-11,54,8571
790,2020-12-12,54,16141
791,2020-12-13,54,14381
792,2020-12-14,54,6855
793,2020-12-15,54,7485
794,2020-12-16,53,7829
795,2020-12-17,54,8179
796,2020-12-18,54,9040
797,2020-12-19,54,16033
798,2020-12-20,54,15857
799,2020-12-21,54,8058
800,2020-12-22,54,8891
801,2020-12-23,54,9175
802,2020-12-24,53,9004
803,2020-12-25,54,9276
804,2020-12-26,54,16061
805,2020-12-27,53,17165
806,2020-12-28,54,10218
807,2020-12-29,54,11045
808,2020-12-30,54,11124
809,2020-12-31,54,6931
810,2021-01-01,22,2663
811,2021-01-02,54,16540
812,2021-01-03,53,17841
813,2021-01-04,53,18187
814,2021-01-05,53,16484
815,2021-01-06,53,14847
816,2021-01-07,53,13993
817,2021-01-08,53,15122
818,2021-01-09,53,14130
819,2021-01-10,53,12506
820,2021-01-11,53,6552
821,2021-01-12,53,6498
822,2021-01-13,53,5947
823,2021-01-14,53,5855
824,2021-01-15,53,7247
825,2021-01-16,53,11351
826,2021-01-17,53,11935
827,2021-01-18,53,5427
828,2021-01-19,53,5741
829,2021-01-20,53,6207
830,2021-01-21,53,6409
831,2021-01-22,53,7404
832,2021-01-23,53,12658
833,2021-01-24,53,12968
834,2021-01-25,52,6475
835,2021-01-26,52,6378
836,2021-01-27,54,7678
837,2021-01-28,52,7059
838,2021-01-29,52,7928
839,2021-01-30,52,14610
840,2021-01-31,52,11879
841,2021-02-01,52,6180
842,2021-02-02,52,6469
843,2021-02-03,52,6617
844,2021-02-04,51,6861
845,2021-02-05,51,7369
846,2021-02-06,50,12259
847,2021-02-07,50,12378
848,2021-02-08,52,5521
849,2021-02-09,52,5781
850,2021-02-10,52,6570
851,2021-02-11,53,7712
852,2021-02-12,53,7507
853,2021-02-13,53,12081
854,2021-02-14,53,12485
855,2021-02-15,53,5993
856,2021-02-16,52,6277
857,2021-02-17,52,6893
858,2021-02-18,52,7454
859,2021-02-19,52,8364
860,2021-02-20,52,9984
861,2021-02-21,52,16188
862,2021-02-22,52,15961
863,2021-02-23,52,11615
864,2021-02-24,52,5485
865,2021-02-25,52,6477
866,2021-02-26,51,7451
867,2021-02-27,52,15592
868,2021-02-28,52,14915
869,2021-03-01,50,6744
870,2021-03-02,50,7972
871,2021-03-03,50,8639
872,2021-03-04,50,8253
873,2021-03-05,50,8999
874,2021-03-06,50,19095
875,2021-03-07,50,18660
876,2021-03-08,50,14699
877,2021-03-09,50,6422
878,2021-03-10,50,6579
879,2021-03-11,50,6851
880,2021-03-12,50,7544
881,2021-03-13,50,13824
882,2021-03-14,49,13164
883,2021-03-15,49,6081
884,2021-03-16,49,6904
885,2021-03-17,49,7521
886,2021-03-18,49,7732
887,2021-03-19,49,8548
888,2021-03-20,49,19144
889,2021-03-21,49,17739
890,2021-03-22,51,7551
891,2021-03-23,51,8188
892,2021-03-24,51,8860
893,2021-03-25,51,9702
894,2021-03-26,51,10090
895,2021-03-27,51,20674
896,2021-03-28,51,20261
897,2021-03-29,51,8451
898,2021-03-30,51,8423
899,2021-03-31,51,7736
900,2021-04-01,52,8150
901,2021-04-02,51,8845
902,2021-04-03,51,20011
903,2021-04-04,51,19166
904,2021-04-05,51,7892
905,2021-04-06,51,8595
906,2021-04-07,51,8253
907,2021-04-08,51,7780
908,2021-04-09,51,10123
909,2021-04-10,51,21313
910,2021-04-11,51,21027
911,2021-04-12,51,8510
912,2021-04-13,51,9820
913,2021-04-14,51,9633
914,2021-04-15,51,9774
915,2021-04-16,51,10319
916,2021-04-17,51,19029
917,2021-04-18,51,18310
918,2021-04-19,51,7651
919,2021-04-20,51,7368
920,2021-04-21,51,6935
921,2021-04-22,51,8646
922,2021-04-23,51,8642
923,2021-04-24,51,16023
924,2021-04-25,51,17149
925,2021-04-26,51,6824
926,2021-04-27,51,6456
927,2021-04-28,51,7467
928,2021-04-29,51,7545
929,2021-04-30,51,7673
930,2021-05-01,51,14718
931,2021-05-02,51,14912
932,2021-05-03,51,15715
933,2021-05-04,51,12014
934,2021-05-05,51,12929
935,2021-05-06,51,12127
936,2021-05-07,51,12937
937,2021-05-08,51,12405
938,2021-05-09,51,12669
939,2021-05-10,51,13975
940,2021-05-11,51,7103
941,2021-05-12,51,6715
942,2021-05-13,51,8495
943,2021-05-14,51,9214
944,2021-05-15,51,17428
945,2021-05-16,51,17788
946,2021-05-17,51,8875
947,2021-05-18,51,9414
948,2021-05-19,51,9962
949,2021-05-20,51,9790
950,2021-05-21,51,9545
951,2021-05-22,51,16760
952,2021-05-23,51,17794
953,2021-05-24,51,8444
954,2021-05-25,50,8939
955,2021-05-26,51,9428
956,2021-05-27,51,9145
957,2021-05-28,51,9441
958,2021-05-29,51,14942
959,2021-05-30,51,17400
960,2021-05-31,51,8539
961,2021-06-01,51,9079
962,2021-06-02,51,9526
963,2021-06-03,51,9759
964,2021-06-04,51,9895
965,2021-06-05,51,16934
966,2021-06-06,51,16589
967,2021-06-07,51,8275
968,2021-06-08,51,8463
969,2021-06-09,51,9252
970,2021-06-10,51,8141
971,2021-06-11,51,8888
972,2021-06-12,51,16718
973,2021-06-13,51,17051
974,2021-06-14,51,13977
975,2021-06-15,51,8256
976,2021-06-16,51,9394
977,2021-06-17,51,9702
978,2021-06-18,51,9644
979,2021-06-19,51,15202
980,2021-06-20,51,14948
981,2021-06-21,51,8287
982,2021-06-22,51,8366
983,2021-06-23,51,8939
984,2021-06-24,51,8606
985,2021-06-25,51,8191
986,2021-06-26,51,13006
987,2021-06-27,51,12958
988,2021-06-28,50,6367
989,2021-06-29,51,7572
990,2021-06-30,51,7300
991,2021-07-01,51,8556
992,2021-07-02,51,8878
993,2021-07-03,50,13268
994,2021-07-04,51,13847
995,2021-07-05,51,8095
996,2021-07-06,51,8574
997,2021-07-07,51,8889
998,2021-07-08,51,8762
999,2021-07-09,52,9154
1000,2021-07-10,52,13404
1001,2021-07-11,52,13375
1002,2021-07-12,52,7653
1003,2021-07-13,52,8367
1004,2021-07-14,52,8635
1005,2021-07-15,52,8451
1006,2021-07-16,52,9047
1007,2021-07-17,52,14202
1008,2021-07-18,52,13451
1009,2021-07-19,52,7884
1010,2021-07-20,52,9763
1011,2021-07-21,52,9837
1012,2021-07-22,52,10293
1013,2021-07-23,52,10322
1014,2021-07-24,52,16578
1015,2021-07-25,52,14885
1016,2021-07-26,52,8075
1017,2021-07-27,52,8505
1018,2021-07-28,52,8756
1019,2021-07-29,52,9668
1020,2021-07-30,52,8947
1021,2021-07-31,52,14881
1022,2021-08-01,51,14855
1023,2021-08-02,50,7933
1024,2021-08-03,51,9355
1025,2021-08-04,50,9324
1026,2021-08-05,52,8971
1027,2021-08-06,52,9510
1028,2021-08-07,52,16148
1029,2021-08-08,52,16673
1030,2021-08-09,52,8734
1031,2021-08-10,52,9274
1032,2021-08-11,52,9769
1033,2021-08-12,52,10300
1034,2021-08-13,52,11166
1035,2021-08-14,52,17766
1036,2021-08-15,52,16572
1037,2021-08-16,53,9066
1038,2021-08-17,53,9084
1039,2021-08-18,53,9192
1040,2021-08-19,53,10019
1041,2021-08-20,53,10291
1042,2021-08-21,53,17822
1043,2021-08-22,53,18117
1044,2021-08-23,52,9704
1045,2021-08-24,53,10342
1046,2021-08-25,54,11771
1047,2021-08-26,54,11279
1048,2021-08-27,54,11354
1049,2021-08-28,54,19585
1050,2021-08-29,53,19011
1051,2021-08-30,54,10904
1052,2021-08-31,54,11541
1053,2021-09-01,52,9076
1054,2021-09-02,54,10678
1055,2021-09-03,54,11080
1056,2021-09-04,54,22720
1057,2021-09-05,54,22146
1058,2021-09-06,52,9420
1059,2021-09-07,52,9252
1060,2021-09-08,54,10061
1061,2021-09-09,54,10112
1062,2021-09-10,53,10372
1063,2021-09-11,52,19700
1064,2021-09-12,52,18263
1065,2021-09-13,52,8801
1066,2021-09-14,53,9605
1067,2021-09-15,53,9708
1068,2021-09-16,53,10431
1069,2021-09-17,52,11133
1070,2021-09-18,53,20818
1071,2021-09-19,53,19186
1072,2021-09-20,53,8802
1073,2021-09-21,53,9380
1074,2021-09-22,51,9741
1075,2021-09-23,53,10418
1076,2021-09-24,53,11417
1077,2021-09-25,53,20021
1078,2021-09-26,53,19819
1079,2021-09-27,53,8489
1080,2021-09-28,53,9454
1081,2021-09-29,53,9464
1082,2021-09-30,53,9085
1083,2021-10-01,51,9097
1084,2021-10-02,50,17083
1085,2021-10-03,50,17067
1086,2021-10-04,48,7127
1087,2021-10-05,50,8094
1088,2021-10-06,50,8610
1089,2021-10-07,50,8503
1090,2021-10-08,50,9307
1091,2021-10-09,50,17161
1092,2021-10-10,50,16378
1093,2021-10-11,50,7525
1094,2021-10-12,50,7608
1095,2021-10-13,51,7986
1096,2021-10-14,51,7942
1097,2021-10-15,51,9314
1098,2021-10-16,51,17368
1099,2021-10-17,51,16847
1100,2021-10-18,51,7756
1101,2021-10-19,50,7859
1102,2021-10-20,50,7977
1103,2021-10-21,50,8013
1104,2021-10-22,50,10104
1105,2021-10-23,50,20039
1106,2021-10-24,50,19519
1107,2021-10-25,50,8967
1108,2021-10-26,50,10671
1109,2021-10-27,50,12985
1110,2021-10-28,37,2944
1111,2021-10-29,39,3034
1112,2021-10-30,35,2110
1113,2021-10-31,36,2113
1114,2021-11-01,36,1458
1115,2021-11-02,36,1816
1116,2021-11-03,36,1883
1117,2021-11-04,37,2799
1118,2021-11-05,34,2709
1119,2021-11-06,34,2517
1120,2021-11-07,36,2461
1121,2021-11-08,49,7438
1122,2021-11-09,49,8216
1123,2021-11-10,50,9011
1124,2021-11-11,50,9193
1125,2021-11-12,50,11112
1126,2021-11-13,51,22228
1127,2021-11-14,51,20649
1128,2021-11-15,51,8581
1129,2021-11-16,51,9074
1130,2021-11-17,51,8905
1131,2021-11-18,51,9569
1132,2021-11-19,51,10343
1133,2021-11-20,51,20565
1134,2021-11-21,51,20252
1135,2021-11-22,51,8446
1136,2021-11-23,49,8774
1137,2021-11-24,51,9118
1138,2021-11-25,51,11244
1139,2021-11-26,51,16870
1140,2021-11-27,50,24728
1141,2021-11-28,51,22531
1142,2021-11-29,51,7211
1143,2021-11-30,50,6913
1144,2021-12-01,50,8175
1145,2021-12-02,49,8194
1146,2021-12-03,50,10005
1147,2021-12-04,50,18799
1148,2021-12-05,50,18604
1149,2021-12-06,50,8073
1150,2021-12-07,50,8215
1151,2021-12-08,50,9096
1152,2021-12-09,50,9290
1153,2021-12-10,50,9768
1154,2021-12-11,50,19171
1155,2021-12-12,50,16745
1156,2021-12-13,50,7900
1157,2021-12-14,50,8319
1158,2021-12-15,49,9278
1159,2021-12-16,49,9792
1160,2021-12-17,49,10590
1161,2021-12-18,49,17147
1162,2021-12-19,49,16300
1163,2021-12-20,49,8348
1164,2021-12-21,50,8979
1165,2021-12-22,50,9718
1166,2021-12-23,50,9761
1167,2021-12-24,49,10324
1168,2021-12-25,50,15953
1169,2021-12-26,50,16548
1170,2021-12-27,50,10071
1171,2021-12-28,50,11457
1172,2021-12-29,49,11942
1173,2021-12-30,50,12893
1174,2021-12-31,50,8337
1175,2022-01-01,19,3182
1176,2022-01-02,50,17140
1177,2022-01-03,50,18209
1178,2022-01-04,50,17678
1179,2022-01-05,50,15777
1180,2022-01-06,50,14923
1181,2022-01-07,49,13114
1182,2022-01-08,49,14564
1183,2022-01-09,50,11935
1184,2022-01-10,50,6110
1185,2022-01-11,50,6268
1186,2022-01-12,50,6661
1187,2022-01-13,49,5983
1188,2022-01-14,50,7467
1189,2022-01-15,49,13035
1190,2022-01-16,49,12391
1191,2022-01-17,49,5952
1192,2022-01-18,48,5806
1193,2022-01-19,49,6492
1194,2022-01-20,49,6570
1195,2022-01-21,48,6972
1196,2022-01-22,49,11561
1197,2022-01-23,49,10828
1198,2022-01-24,49,5330
1199,2022-01-25,49,6092
1200,2022-01-26,49,6359
1201,2022-01-27,49,6381
1202,2022-01-28,49,7144
1203,2022-01-29,49,11058
1204,2022-01-30,49,10770
1205,2022-01-31,49,6167
1206,2022-02-01,49,5880
1207,2022-02-02,49,5953
1208,2022-02-03,49,6151
1209,2022-02-04,49,6882
1210,2022-02-05,49,11927
1211,2022-02-06,48,10534
1212,2022-02-07,49,5110
1213,2022-02-08,49,5872
1214,2022-02-09,49,6453
1215,2022-02-10,50,6685
1216,2022-02-11,50,8170
1217,2022-02-12,50,14413
1218,2022-02-13,50,13224
1219,2022-02-14,50,6905
1220,2022-02-15,50,6648
1221,2022-02-16,48,7049
1222,2022-02-17,50,7024
1223,2022-02-18,50,7962
1224,2022-02-19,50,14150
1225,2022-02-20,50,14932
1226,2022-02-21,50,7382
1227,2022-02-22,50,8688
1228,2022-02-23,50,14502
1229,2022-02-24,50,6338
1230,2022-02-25,50,7324
1231,2022-02-26,50,13383
1232,2022-02-27,50,13081
1233,2022-02-28,49,6233
1234,2022-03-01,49,6896
1235,2022-03-02,49,9664
1236,2022-03-03,49,8812
1237,2022-03-04,49,9215
1238,2022-03-05,49,10560
1239,2022-03-06,49,19093
1240,2022-03-07,49,18047
1241,2022-03-08,49,12967
1242,2022-03-09,49,6635
1243,2022-03-10,49,6618
1244,2022-03-11,49,6813
1245,2022-03-12,50,11988
1246,2022-03-13,50,11839
1247,2022-03-14,50,5154
1248,2022-03-15,50,5949
1249,2022-03-16,49,6072
1250,2022-03-17,49,6099
1251,2022-03-18,50,6402
1252,2022-03-19,50,11856
1253,2022-03-20,50,11943
1254,2022-03-21,50,5573
1255,2022-03-22,50,6127
1256,2022-03-23,50,6442
1257,2022-03-24,50,6082
1258,2022-03-25,50,6613
1259,2022-03-26,50,11073
1260,2022-03-27,50,9363
1261,2022-03-28,50,4226
1262,2022-03-29,50,5536
1263,2022-03-30,50,6018
1264,2022-03-31,50,5904
1265,2022-04-01,51,5976
1266,2022-04-02,50,9329
1267,2022-04-03,50,9738
1268,2022-04-04,50,4937
1269,2022-04-05,50,5190
1270,2022-04-06,50,5894
1271,2022-04-07,50,5741
1272,2022-04-08,50,7605
1273,2022-04-09,50,14959
1274,2022-04-10,50,13148
1275,2022-04-11,50,5379
1276,2022-04-12,50,6197
1277,2022-04-13,50,6556
1278,2022-04-14,50,7600
1279,2022-04-15,50,7372
1280,2022-04-16,50,12719
1281,2022-04-17,50,12649
1282,2022-04-18,50,6134
1283,2022-04-19,50,6309
1284,2022-04-20,50,6559
1285,2022-04-21,50,5483
1286,2022-04-22,50,6478
1287,2022-04-23,50,11769
1288,2022-04-24,50,10917
1289,2022-04-25,50,6304
1290,2022-04-26,50,6892
1291,2022-04-27,50,6828
1292,2022-04-28,50,7551
1293,2022-04-29,50,7396
1294,2022-04-30,50,12397
1295,2022-05-01,50,13385
1296,2022-05-02,50,13143
1297,2022-05-03,50,11077
1298,2022-05-04,50,6546
1299,2022-05-05,50,7999
1300,2022-05-06,50,7643
1301,2022-05-07,51,12421
1302,2022-05-08,51,12926
1303,2022-05-09,38,7963
1304,2022-05-10,50,10249
1305,2022-05-11,51,6518
1306,2022-05-12,51,6824
1307,2022-05-13,51,7586
1308,2022-05-14,51,14077
1309,2022-05-15,51,14302
1310,2022-05-16,51,6694
1311,2022-05-17,51,6709
1312,2022-05-18,50,7166
1313,2022-05-19,51,7393
1314,2022-05-20,51,8438
1315,2022-05-21,51,14222
1316,2022-05-22,51,14724
1317,2022-05-23,51,7178
1318,2022-05-24,51,6828
1319,2022-05-25,50,7494
1320,2022-05-26,51,7614
1321,2022-05-27,51,8248
1322,2022-05-28,51,14302
1323,2022-05-29,51,14282
1324,2022-05-30,51,7526
1325,2022-05-31,51,7404
1326,2022-06-01,50,8506
1327,2022-06-02,50,8905
1328,2022-06-03,50,8811
1329,2022-06-04,50,16260
1330,2022-06-05,50,16103
1331,2022-06-06,50,8331
1332,2022-06-07,50,8750
1333,2022-06-08,50,9379
1334,2022-06-09,50,8931
1335,2022-06-10,50,9731
1336,2022-06-11,50,15480
1337,2022-06-12,50,15716
1338,2022-06-13,50,14033
1339,2022-06-14,50,8251
1340,2022-06-15,50,8735
1341,2022-06-16,50,9451
1342,2022-06-17,50,9170
1343,2022-06-18,50,15951
1344,2022-06-19,50,14436
1345,2022-06-20,50,8153
1346,2022-06-21,50,8378
1347,2022-06-22,49,9003
1348,2022-06-23,50,9795
1349,2022-06-24,50,10131
1350,2022-06-25,50,13474
1351,2022-06-26,50,12852
1352,2022-06-27,50,7724
1353,2022-06-28,50,8272
1354,2022-06-29,50,8131
1355,2022-06-30,50,8048
1356,2022-07-01,50,9240
1357,2022-07-02,50,12746
1358,2022-07-03,50,12633
1359,2022-07-04,50,7598
1360,2022-07-05,50,7163
1361,2022-07-06,50,9284
1362,2022-07-07,50,8816
1363,2022-07-08,50,10022
1364,2022-07-09,50,14542
1365,2022-07-10,50,13432
1366,2022-07-11,49,8050
1367,2022-07-12,50,8559
1368,2022-07-13,50,9256
1369,2022-07-14,50,8800
1370,2022-07-15,50,9608
1371,2022-07-16,50,14083
1372,2022-07-17,50,13601
1373,2022-07-18,50,8084
1374,2022-07-19,50,8311
1375,2022-07-20,49,8555
1376,2022-07-21,50,9136
1377,2022-07-22,50,8881
1378,2022-07-23,50,12756
1379,2022-07-24,50,11919
1380,2022-07-25,50,7444
1381,2022-07-26,50,8373
1382,2022-07-27,50,8988
1383,2022-07-28,50,8403
1384,2022-07-29,50,9544
1385,2022-07-30,50,13995
1386,2022-07-31,50,13592
1387,2022-08-01,50,8231
1388,2022-08-02,50,8900
1389,2022-08-03,50,8361
1390,2022-08-04,49,8468
1391,2022-08-05,50,8854
1392,2022-08-06,50,12130
1393,2022-08-07,49,11817
1394,2022-08-08,50,8368
1395,2022-08-09,49,8244
1396,2022-08-10,49,9090
1397,2022-08-11,49,8669
1398,2022-08-12,49,8969
1399,2022-08-13,49,12365
1400,2022-08-14,49,12478
1401,2022-08-15,50,7938
1402,2022-08-16,50,8814
1403,2022-08-17,51,9169
1404,2022-08-18,51,9271
1405,2022-08-19,51,9498
1406,2022-08-20,51,14596
1407,2022-08-21,49,13641
1408,2022-08-22,50,8362
1409,2022-08-23,51,9096
1410,2022-08-24,51,8554
1411,2022-08-25,50,8880
1412,2022-08-26,50,9072
1413,2022-08-27,50,12974
1414,2022-08-28,49,12878
1415,2022-08-29,50,8112
1416,2022-08-30,51,9713
1417,2022-08-31,51,10757
1418,2022-09-01,51,9549
1419,2022-09-02,51,10047
1420,2022-09-03,51,18633
1421,2022-09-04,51,18041
1422,2022-09-05,51,8481
1423,2022-09-06,50,8970
1424,2022-09-07,51,8907
1425,2022-09-08,51,9132
1426,2022-09-09,51,11152
1427,2022-09-10,51,17890
1428,2022-09-11,51,17080
1429,2022-09-12,51,8154
1430,2022-09-13,51,8420
1431,2022-09-14,51,8836
1432,2022-09-15,51,9312
1433,2022-09-16,52,9039
1434,2022-09-17,51,17762
1435,2022-09-18,51,14038
1436,2022-09-19,52,7428
1437,2022-09-20,51,7906
1438,2022-09-21,51,7164
1439,2022-09-22,51,7225
1440,2022-09-23,50,7291
1441,2022-09-24,51,11674
1442,2022-09-25,51,13521
1443,2022-09-26,51,5822
1444,2022-09-27,51,6836
1445,2022-09-28,51,6509
1446,2022-09-29,51,6224
1447,2022-09-30,38,6244
1448,2022-10-01,51,13415
1449,2022-10-02,51,13227
1450,2022-10-03,49,5873
1451,2022-10-04,50,6506
1452,2022-10-05,50,6710
1453,2022-10-06,50,7123
1454,2022-10-07,49,7753
1455,2022-10-08,49,12995
1456,2022-10-09,48,12953
1457,2022-10-10,49,6184
1458,2022-10-11,49,6556
1459,2022-10-12,49,6952
1460,2022-10-13,49,7169
1461,2022-10-14,49,7830
1462,2022-10-15,49,14398
1463,2022-10-16,48,14357
1464,2022-10-17,49,5937
1465,2022-10-18,49,6264
1466,2022-10-19,49,6759
1467,2022-10-20,51,7687
1468,2022-10-21,51,8415
1469,2022-10-22,51,16215
1470,2022-10-23,51,15547
1471,2022-10-24,51,6752
1472,2022-10-25,51,7512
1473,2022-10-26,51,7604
1474,2022-10-27,51,8131
1475,2022-10-28,51,8744
1476,2022-10-29,51,16076
1477,2022-10-30,51,16446
1478,2022-10-31,51,8286
1479,2022-11-01,51,8784
1480,2022-11-02,51,8748
1481,2022-11-03,51,9711
1482,2022-11-04,51,17768
1483,2022-11-05,51,17817
1484,2022-11-06,51,16210
1485,2022-11-07,51,6717
1486,2022-11-08,50,6551
1487,2022-11-09,50,6948
1488,2022-11-10,50,7637
1489,2022-11-11,50,9715
1490,2022-11-12,50,15690
1491,2022-11-13,50,15766
1492,2022-11-14,50,6787
1493,2022-11-15,50,7011
1494,2022-11-16,50,8438
1495,2022-11-17,50,8777
1496,2022-11-18,49,9522
1497,2022-11-19,50,19094
1498,2022-11-20,50,18372
1499,2022-11-21,50,8007
1500,2022-11-22,50,7561
1501,2022-11-23,50,8084
1502,2022-11-24,50,9195
1503,2022-11-25,50,12776
1504,2022-11-26,50,20672
1505,2022-11-27,51,19037
1506,2022-11-28,51,7015
1507,2022-11-29,50,6831
1508,2022-11-30,50,7626
1509,2022-12-01,51,7361
1510,2022-12-02,50,8092
1511,2022-12-03,50,15361
1512,2022-12-04,50,14463
1513,2022-12-05,50,6461
1514,2022-12-06,50,6935
1515,2022-12-07,50,7475
1516,2022-12-08,51,7202
1517,2022-12-09,52,8627
1518,2022-12-10,52,15961
1519,2022-12-11,52,14544
1520,2022-12-12,52,6892
1521,2022-12-13,52,7215
1522,2022-12-14,52,7432
1523,2022-12-15,52,8742
1524,2022-12-16,52,9384
1525,2022-12-17,51,14536
1526,2022-12-18,51,11891
1527,2022-12-19,52,7145
1528,2022-12-20,52,8104
1529,2022-12-21,52,8258
1530,2022-12-22,52,8458
1531,2022-12-23,51,8902
1532,2022-12-24,51,15459
1533,2022-12-25,51,16158
1534,2022-12-26,52,8563
1535,2022-12-27,52,9459
1536,2022-12-28,52,10450
1537,2022-12-29,52,12119
1538,2022-12-30,52,13515
1539,2022-12-31,52,8550
1540,2023-01-01,22,3921
1541,2023-01-02,52,18670
1542,2023-01-03,52,17004
1543,2023-01-04,52,17912
1544,2023-01-05,52,17215
1545,2023-01-06,52,13855
1546,2023-01-07,52,12389
1547,2023-01-08,52,11285
1548,2023-01-09,52,6201
1549,2023-01-10,52,6383
1550,2023-01-11,52,6672
1551,2023-01-12,52,7015
1552,2023-01-13,52,7249
1553,2023-01-14,52,12717
1554,2023-01-15,52,12417
1555,2023-01-16,52,6165
1556,2023-01-17,52,6552
1557,2023-01-18,51,6489
1558,2023-01-19,51,6822
1559,2023-01-20,51,8074
1560,2023-01-21,51,13967
1561,2023-01-22,51,13164
1562,2023-01-23,51,6340
1563,2023-01-24,51,6687
1564,2023-01-25,51,6733
1565,2023-01-26,52,7016
1566,2023-01-27,52,7632
1567,2023-01-28,52,13543
1568,2023-01-29,52,12912
1569,2023-01-30,52,6175
1570,2023-01-31,52,6746
1571,2023-02-01,52,7433
1572,2023-02-02,51,7826
1573,2023-02-03,51,8441
1574,2023-02-04,52,15104
1575,2023-02-05,52,14379
1576,2023-02-06,52,7051
1577,2023-02-07,52,7034
1578,2023-02-08,52,6818
1579,2023-02-09,51,6955
1580,2023-02-10,52,8229
1581,2023-02-11,52,15354
1582,2023-02-12,52,13614
1583,2023-02-13,52,6599
1584,2023-02-14,52,7336
1585,2023-02-15,52,7201
1586,2023-02-16,52,7203
1587,2023-02-17,52,7936
1588,2023-02-18,52,14230
1589,2023-02-19,52,12805
1590,2023-02-20,52,6989
1591,2023-02-21,52,7456
1592,2023-02-22,52,8856
1593,2023-02-23,52,13747
1594,2023-02-24,52,13774
1595,2023-02-25,52,13268
1596,2023-02-26,52,10230
1597,2023-02-27,52,5676
1598,2023-02-28,52,6559
1599,2023-03-01,52,6579
1600,2023-03-02,52,7216
1601,2023-03-03,52,7973
1602,2023-03-04,52,15089
1603,2023-03-05,52,14335
1604,2023-03-06,52,7418
1605,2023-03-07,52,8338
1606,2023-03-08,52,15580
1607,2023-03-09,52,6615
1608,2023-03-10,52,7679
1609,2023-03-11,52,13919
1610,2023-03-12,52,12068
1611,2023-03-13,52,6634
1612,2023-03-14,52,6693
1613,2023-03-15,52,7671
1614,2023-03-16,52,7414
1615,2023-03-17,52,8934
1616,2023-03-18,52,17935
1617,2023-03-19,52,17933
1618,2023-03-20,52,7391
1619,2023-03-21,52,7889
1620,2023-03-22,52,8326
1621,2023-03-23,52,8982
1622,2023-03-24,52,8970
1623,2023-03-25,52,17624
1624,2023-03-26,52,15566
1625,2023-03-27,52,7706
1626,2023-03-28,52,8615
1627,2023-03-29,52,7656
1628,2023-03-30,52,8293
1629,2023-03-31,52,8391
1630,2023-04-01,52,18100
1631,2023-04-02,52,16413
1632,2023-04-03,51,7175
1633,2023-04-04,51,7339
1634,2023-04-05,51,8583
1635,2023-04-06,51,8921
1636,2023-04-07,51,9279
1637,2023-04-08,51,18700
1638,2023-04-09,51,17424
1639,2023-04-10,51,7571
1640,2023-04-11,51,7917
1641,2023-04-12,49,8089
1642,2023-04-13,51,8317
1643,2023-04-14,50,8517
1644,2023-04-15,50,14408
1645,2023-04-16,50,14196
1646,2023-04-17,51,6822
1647,2023-04-18,51,7480
1648,2023-04-19,51,8360
1649,2023-04-20,51,8443
1650,2023-04-21,51,10294
1651,2023-04-22,51,17611
1652,2023-04-23,51,17092
1653,2023-04-24,51,7714
1654,2023-04-25,51,8567
1655,2023-04-26,51,8136
1656,2023-04-27,51,8489
1657,2023-04-28,51,8293
1658,2023-04-29,51,16017
1659,2023-04-30,51,16650
1660,2023-05-01,51,13718
1661,2023-05-02,51,7700
1662,2023-05-03,51,7438
1663,2023-05-04,51,7927
1664,2023-05-05,51,8263
1665,2023-05-06,51,13756
1666,2023-05-07,51,15523
1667,2023-05-08,51,13353
1668,2023-05-09,51,9801
1669,2023-05-10,51,6766
1670,2023-05-11,51,7676
1671,2023-05-12,51,8079
1672,2023-05-13,51,14528
1673,2023-05-14,51,14077
1674,2023-05-15,51,7736
1675,2023-05-16,51,8246
1676,2023-05-17,51,8872
1677,2023-05-18,51,9336
1678,2023-05-19,51,9311
1679,2023-05-20,51,15325
1680,2023-05-21,51,15676
1681,2023-05-22,51,7462
1682,2023-05-23,51,7962
1683,2023-05-24,52,8566
1684,2023-05-25,52,8437
1685,2023-05-26,52,9849
1686,2023-05-27,52,16505
1687,2023-05-28,52,15689
1688,2023-05-29,52,8213
1689,2023-05-30,52,8745
1690,2023-05-31,52,7759
1691,2023-06-01,51,8798
1692,2023-06-02,52,9096
1693,2023-06-03,52,14868
1694,2023-06-04,52,16513
1695,2023-06-05,52,7743
1696,2023-06-06,51,8364
1697,2023-06-07,51,8788
1698,2023-06-08,51,9134
1699,2023-06-09,51,9488
1700,2023-06-10,52,17514
1701,2023-06-11,52,17858
1702,2023-06-12,52,15201
1703,2023-06-13,52,8552
1704,2023-06-14,52,9109
1705,2023-06-15,52,9603
1706,2023-06-16,52,9691
1707,2023-06-17,52,15438
1708,2023-06-18,52,16892
1709,2023-06-19,52,8933
1710,2023-06-20,52,10075
1711,2023-06-21,50,10386
1712,2023-06-22,51,10204
1713,2023-06-23,52,10128
1714,2023-06-24,52,11284
1715,2023-06-25,51,15276
1716,2023-06-26,51,8730
1717,2023-06-27,51,9103
1718,2023-06-28,51,9209
1719,2023-06-29,51,8996
1720,2023-06-30,51,9584
1721,2023-07-01,51,16275
1722,2023-07-02,51,16376
1723,2023-07-03,51,9172
1724,2023-07-04,51,9735
1725,2023-07-05,51,9674
1726,2023-07-06,51,9772
1727,2023-07-07,51,9738
1728,2023-07-08,51,16005
1729,2023-07-09,51,15893
1730,2023-07-10,51,9101
1731,2023-07-11,52,9373
1732,2023-07-12,52,9755
1733,2023-07-13,52,9470
1734,2023-07-14,52,10896
1735,2023-07-15,52,17661
1736,2023-07-16,52,16724
1737,2023-07-17,52,9375
1738,2023-07-18,52,9232
1739,2023-07-19,52,9628
1740,2023-07-20,52,10452
1741,2023-07-21,52,10466
1742,2023-07-22,52,15207
1743,2023-07-23,52,14985
1744,2023-07-24,52,8824
1745,2023-07-25,52,9845
1746,2023-07-26,52,9408
1747,2023-07-27,52,10334
1748,2023-07-28,52,10325
1749,2023-07-29,52,16811
1750,2023-07-30,52,16226
1751,2023-07-31,52,9475
1752,2023-08-01,52,9524
1753,2023-08-02,52,9975
1754,2023-08-03,52,10621
1755,2023-08-04,52,10498
1756,2023-08-05,52,15002
1757,2023-08-06,52,14615
1758,2023-08-07,52,9271
1759,2023-08-08,52,9468
1760,2023-08-09,52,10262
1761,2023-08-10,52,10656
1762,2023-08-11,52,10592
1763,2023-08-12,52,17009
1764,2023-08-13,52,17188
1765,2023-08-14,52,9930
1766,2023-08-15,52,10808
1767,2023-08-16,52,11267
1768,2023-08-17,52,11109
1769,2023-08-18,52,11169
1770,2023-08-19,52,16625
1771,2023-08-20,52,16607
1772,2023-08-21,52,10380
1773,2023-08-22,52,10867
1774,2023-08-23,52,11455
1775,2023-08-24,52,11349
1776,2023-08-25,52,11949
1777,2023-08-26,52,19520
1778,2023-08-27,52,19501
1779,2023-08-28,52,10047
1780,2023-08-29,51,10709
1781,2023-08-30,51,11569
1782,2023-08-31,51,11176
1783,2023-09-01,52,9496
1784,2023-09-02,52,16720
1785,2023-09-03,52,17389
1786,2023-09-04,52,8116
1787,2023-09-05,52,7965
1788,2023-09-06,52,8501
1789,2023-09-07,52,9421
1790,2023-09-08,52,9866
1791,2023-09-09,52,17533
1792,2023-09-10,52,17513
1793,2023-09-11,52,8470
1794,2023-09-12,52,8766
1795,2023-09-13,52,8706
1796,2023-09-14,53,8948
1797,2023-09-15,53,9346
1798,2023-09-16,53,16618
1799,2023-09-17,53,15681
1800,2023-09-18,53,7544
1801,2023-09-19,53,7815
1802,2023-09-20,53,8219
1803,2023-09-21,53,8074
1804,2023-09-22,53,9095
1805,2023-09-23,53,13770
1806,2023-09-24,53,13850
1807,2023-09-25,53,7067
1808,2023-09-26,53,7789
1809,2023-09-27,53,7703
1810,2023-09-28,53,7920
1811,2023-09-29,53,8135
1812,2023-09-30,53,14707
1813,2023-10-01,52,14912
1814,2023-10-02,52,7058
1815,2023-10-03,52,7443
1816,2023-10-04,52,7700
1817,2023-10-05,51,7974
1818,2023-10-06,51,8604
1819,2023-10-07,52,16329
1820,2023-10-08,52,17577
1821,2023-10-09,52,8268
1822,2023-10-10,52,8956
1823,2023-10-11,53,8692
1824,2023-10-12,53,8619
1825,2023-10-13,53,9981
1826,2023-10-14,53,16844
1827,2023-10-15,53,16041
1828,2023-10-16,53,7149
1829,2023-10-17,53,7809
1830,2023-10-18,53,8227
1831,2023-10-19,53,7920
1832,2023-10-20,53,8968
1833,2023-10-21,53,18869
1834,2023-10-22,52,17338
1835,2023-10-23,52,7196
1836,2023-10-24,52,8467
1837,2023-10-25,53,8674
1838,2023-10-26,53,9124
1839,2023-10-27,53,9877
1840,2023-10-28,53,18500
1841,2023-10-29,53,19661
1842,2023-10-30,53,8325
1843,2023-10-31,53,8892
1844,2023-11-01,53,8983
1845,2023-11-02,53,8571
1846,2023-11-03,53,10216
1847,2023-11-04,53,16553
1848,2023-11-05,52,18323
1849,2023-11-06,53,13757
1850,2023-11-07,53,3537
1851,2023-11-08,16,1367
1852,2023-11-09,53,7489
1853,2023-11-10,53,8868
1854,2023-11-11,53,18031
1855,2023-11-12,53,14764
1856,2023-11-13,52,6632
1857,2023-11-14,53,7141
1858,2023-11-15,53,7829
1859,2023-11-16,53,8328
1860,2023-11-19,53,18534
